

INSERT INTO `bilik` (`id`, `name`) VALUES
(1, 'bilik1'),
(2, 'bilik2'),
(3, 'bilik3'),
(4, 'bilik4');

-- Insert data bilik
INSERT INTO `bilik` (`id`, `name`) VALUES
(1, 'bilik1'),
(2, 'bilik2'),
(3, 'bilik3'),
(4, 'bilik4');

-- Insert data dpt
INSERT INTO `dpt` (`id`, `name`, `id_kelas`, `status`, `antrian`) VALUES
(19200002, 'ABU DZAR GHIFARI', 20, 0, 0),
(19200003, 'ALDY AZHARI', 20, 0, 0),
(19200004, 'AMANDA FAHRADIANA EISAH MAHARA', 20, 0, 0),
(19200005, 'ANDIKA JANU ALKARIS', 20, 0, 0),
(19200006, 'ANGGUN DIVA JOVANKA', 20, 0, 0),
(19200008, 'DIMAS DARYANA', 20, 0, 0),
(19200009, 'DENDI KURNIAWAN', 20, 0, 0),
(19200010, 'DWIKY AHMAD DARMADI ', 20, 0, 0),
(19200012, 'FAJRI NUR ALFIAN', 20, 0, 0),
(19200013, 'FERDY SALSABILLA', 20, 0, 0),
(19200015, 'IKHZARUL FATH-TIAR CARELLA', 20, 0, 0),
(19200016, 'JASMINE INDHIRA AGHIVANI', 20, 0, 0),
(19200017, 'GILANG RAFI PAJRIYANSAH', 20, 0, 0),
(19200018, 'MOCHAMMAD RIFKY BACHTIAR', 20, 0, 0),
(19200019, 'MUHAMAD AFIF BRILIANSYAH', 20, 0, 0),
(19200020, 'MUHAMAD FIKRI AMRULLOH', 20, 0, 0),
(19200021, 'MUHAMMAD AZKA SASTRA WIJAYA', 20, 0, 0),
(19200022, 'MOHAMMAD FABIO RAYHAN', 20, 0, 0),
(19200023, 'MUHAMMAD RAIHAN', 20, 0, 0),
(19200024, 'MUHAMMAD WISNU PRASETYA UTAMA', 20, 0, 0),
(19200025, 'MUSHTHOFA ZAIN SUGENG', 20, 0, 0),
(19200026, 'NAMIRA NINDYA FITRI', 20, 0, 0),
(19200027, 'NAZIRA APRILIANI ROSYADI', 20, 0, 0),
(19200028, 'PRATAMA SANDY AGUNG WIBOWO', 20, 0, 0),
(19200029, 'RAIFAN APRILIANO RAGIL', 20, 0, 0),
(19200030, 'RAMADHAN NOVRY TIANTO MARESA P', 20, 0, 0),
(19200031, 'RIZKI FADILLAH RAMADHAN', 20, 0, 0),
(19200032, 'ABIMANYU FAHRUDIN QOIS', 21, 0, 19),
(19200033, 'AGIL PRASETYO', 21, 0, 0),
(19200034, 'ALWIM AFTA FIJAYA', 21, 0, 24),
(19200035, 'ANANDA DAFFA IZHAR', 21, 0, 0),
(19200036, 'ARIQ RAFIANDI HAZNOV', 21, 0, 21),
(19200037, 'DIMAS AGUNG WIBOWO', 21, 0, 0),
(19200038, 'FADHIL NUR ROCHIM', 21, 0, 0),
(19200039, 'FATHURACHMAN ADHA', 21, 0, 0),
(19200041, 'HOLIP PATULLAH', 21, 0, 0),
(19200042, 'ILHAM MAULANA', 21, 0, 0),
(19200043, 'KRISNA AJI KURNIAWAN', 21, 0, 0),
(19200044, 'MUHAMMAD RIZKY HIDAYATULLAH', 21, 0, 0),
(19200045, 'MOHAMMAD ABYAN RAMY ARSYAD', 21, 0, 22),
(19200046, 'MUHAMAD FARHAN', 21, 0, 0),
(19200047, 'MUHAMAD ILHAM DARMAWAN', 21, 0, 0),
(19200048, 'MUHAMMAD MAULA ALBI BADA LAWA', 21, 0, 0),
(19200049, 'MUHAMMAD DHIA RAMY', 21, 0, 0),
(19200052, 'MUHAMMAD YUSUF SYARIFUDIN', 21, 0, 0),
(19200053, 'NURKHOLIS ', 21, 0, 0),
(19200054, 'RAFLI KASYFIL AZIZ', 21, 0, 0),
(19200055, 'RAFLY RANGGA ADI PURNAMA', 21, 0, 0),
(19200056, 'RAIHAN FARID BURMAN FAHREZA', 21, 0, 0),
(19200057, 'RAIHAN FIRDAUS HELMY', 21, 0, 0),
(19200059, 'RIDWAN SYAFIQ', 21, 0, 0),
(19200060, 'RIZKY SYAHRIRAMADHAN', 21, 0, 0),
(19200062, 'TUBAGUS AHMAD MAULID RAHMANSYA', 21, 0, 0),
(19200063, 'ZAENAL DWI MUSTOFA', 21, 0, 0);


INSERT INTO `kelas` (`id`, `name`) VALUES
(1, '10 AKL'),
(2, '10 BDP'),
(3, '10 OTKP 1'),
(4, '10 OTKP 2'),
(5, '10 RPL 1'),
(6, '10 RPL 2'),
(7, '11 PBS'),
(8, '11 AKL'),
(9, '11 BDP'),
(10, '11 OTKP 1'),
(11, '11 OTKP 2'),
(12, '11 RPL 1'),
(13, '11 RPL 2'),
(14, '12 AKL 1'),
(15, '12 AKL 2'),
(16, '12 BDP'),
(17, '12 OTKP 1'),
(18, '12 OTKP 2'),
(19, '12 PBS'),
(20, '12 RPL 1'),
(21, '12 RPL 2');


INSERT INTO `paslon` (`id`, `ketos`, `waketos`, `image`) VALUES
(1, 'M. Raffli Nursya\'ban', 'rehan', '827ccb0eea8a706c4c34a16891f84e7b'),
(2, 'Anik Wisnu Murti', 'colis', '827ccb0eea8a706c4c34a16891f84e7b'),
(3, 'Naurah Camelia Charisma', 'tbahmad', '5f19d8a4fb56cf970ce9f7053d51ed87'),


